Designator,Val,Package,Mid X,Mid Y,Rotation,Layer
BT1,Battery_Cell,BatteryHolder_Keystone_3002_1x2032,164.450000,-114.950000,90.000000,top
C1,100nF,C_0603_1608Metric,140.000000,-93.250000,180.000000,top
C2,15pF,C_0603_1608Metric,137.250000,-87.050000,270.000000,top
C3,15pF,C_0603_1608Metric,137.250000,-91.725000,90.000000,top
C4,1uF,C_0603_1608Metric,189.200000,-68.950000,180.000000,top
C5,1uF,C_0603_1608Metric,190.800000,-78.000000,0.000000,top
C6,100nF,C_0603_1608Metric,147.300000,-99.300000,180.000000,top
C7,100nF,C_0603_1608Metric,147.300000,-102.050000,180.000000,top
C8,4.7uF,C_0603_1608Metric,144.275000,-100.650000,180.000000,top
C9,1uF,C_0603_1608Metric,166.150000,-95.400000,270.000000,top
C10,10nF,C_0603_1608Metric,163.400000,-95.400000,270.000000,top
C11,100nF,C_0603_1608Metric,143.150000,-77.900000,180.000000,top
C12,10nF,C_0603_1608Metric,142.300000,-93.950000,270.000000,top
C13,100nF,C_0603_1608Metric,143.150000,-75.150000,180.000000,top
C14,1uF,C_0603_1608Metric,142.300000,-90.900000,90.000000,top
C15,4.7uF,C_0603_1608Metric,140.125000,-76.500000,180.000000,top
C16,10nF,C_0603_1608Metric,158.300000,-99.400000,180.000000,top
C17,10nF,C_0603_1608Metric,144.100000,-97.500000,0.000000,top
C18,1uF,C_0603_1608Metric,158.300000,-102.150000,180.000000,top
C19,1uF,C_0603_1608Metric,141.750000,-98.250000,270.000000,top
C20,15pF,C_0603_1608Metric,139.100000,-81.550000,270.000000,top
C21,10nF,C_0603_1608Metric,110.250000,-133.950000,90.000000,top
C22,10nF,C_0603_1608Metric,102.950000,-133.650000,180.000000,top
C23,10nF,C_0603_1608Metric,113.150000,-142.875000,90.000000,top
C24,10nF,C_0603_1608Metric,122.500000,-138.150000,90.000000,top
C25,10nF,C_0603_1608Metric,125.350000,-138.200000,90.000000,top
C26,100nF,C_0603_1608Metric,163.850000,-81.375000,90.000000,top
C27,15pF,C_0603_1608Metric,139.100000,-84.650000,90.000000,top
C28,10nF,C_0603_1608Metric,128.450000,-78.900000,180.000000,top
C29,100nF,C_0603_1608Metric,166.750000,-81.375000,90.000000,top
C30,4.7uF,C_0603_1608Metric,165.300000,-78.350000,90.000000,top
C33,10nF,C_0603_1608Metric,124.250000,-69.950000,0.000000,top
C34,10nF,C_0603_1608Metric,132.850000,-69.950000,0.000000,top
C35,10nF,C_0603_1608Metric,125.350000,-78.900000,0.000000,top
C36,10nF,C_0603_1608Metric,131.525000,-78.900000,0.000000,top
C40,10nF,C_0603_1608Metric,128.550000,-64.050000,270.000000,top
C41,10uF,C_1206_3216Metric,112.750000,-148.100000,270.000000,top
C44,10nF,C_0603_1608Metric,101.925000,-144.500000,0.000000,top
D1,BZX84C3V6LT1G,D_SOT-23_ANK,149.300000,-67.900000,90.000000,top
D2,BZX84C3V6LT1G,D_SOT-23_ANK,150.600000,-134.300000,0.000000,top
D3,BZX84C3V6LT1G,D_SOT-23_ANK,156.200000,-134.300000,0.000000,top
D4,BZX84C3V6LT1G,D_SOT-23_ANK,161.800000,-134.300000,0.000000,top
D5,BZX84C3V6LT1G,D_SOT-23_ANK,167.400000,-134.300000,0.000000,top
D6,BZX84C3V6LT1G,D_SOT-23_ANK,112.600000,-74.200000,180.000000,top
D7,BZX84C3V6LT1G,D_SOT-23_ANK,121.750000,-74.200000,180.000000,top
D8,BZX84C3V6LT1G,D_SOT-23_ANK,159.200000,-69.500000,90.000000,top
D9,BZX84C3V6LT1G,D_SOT-23_ANK,139.400000,-67.900000,0.000000,top
D10,BZX84C3V6LT1G,D_SOT-23_ANK,117.200000,-74.200000,180.000000,top
D11,BZX84C3V6LT1G,D_SOT-23_ANK,112.600000,-64.400000,180.000000,top
D12,BZX84C3V6LT1G,D_SOT-23_ANK,117.200000,-69.300000,180.000000,top
D13,BZX84C3V6LT1G,D_SOT-23_ANK,112.600000,-69.300000,180.000000,top
D14,BZX84C3V6LT1G,D_SOT-23_ANK,154.250000,-67.900000,90.000000,top
D15,BZX84C3V6LT1G,D_SOT-23_ANK,144.350000,-67.900000,90.000000,top
D16,BZX84C3V6LT1G,D_SOT-23_ANK,121.750000,-64.400000,180.000000,top
D17,BZX84C3V6LT1G,D_SOT-23_ANK,117.200000,-64.400000,180.000000,top
D18,BZX84C3V6LT1G,D_SOT-23_ANK,179.100000,-78.100000,90.000000,top
D19,BZX84C3V6LT1G,D_SOT-23_ANK,179.400000,-111.800000,90.000000,top
D20,BZX84C3V6LT1G,D_SOT-23_ANK,128.200000,-134.300000,0.000000,top
D21,BZX84C3V6LT1G,D_SOT-23_ANK,133.800000,-134.300000,0.000000,top
D22,BZX84C3V6LT1G,D_SOT-23_ANK,179.400000,-117.400000,90.000000,top
D23,BZX84C3V6LT1G,D_SOT-23_ANK,179.300000,-106.200000,90.000000,top
D24,BZX84C3V6LT1G,D_SOT-23_ANK,145.000000,-134.300000,0.000000,top
D25,BZX84C3V6LT1G,D_SOT-23_ANK,139.400000,-134.300000,0.000000,top
D26,BZX84C3V6LT1G,D_SOT-23_ANK,159.750000,-65.850000,90.000000,top
D27,BZX84C3V6LT1G,D_SOT-23_ANK,135.500000,-65.000000,0.000000,top
D28,"PESD5V0L2BT,215",SOT-23,128.550000,-67.450000,90.000000,top
D29,BZX84C3V6LT1G,D_SOT-23_ANK,179.100000,-95.000000,90.000000,top
D30,BZX84C3V6LT1G,D_SOT-23_ANK,173.000000,-134.300000,0.000000,top
D31,BZX84C3V6LT1G,D_SOT-23_ANK,178.600000,-134.300000,0.000000,top
D33,BZX84C3V6LT1G,D_SOT-23_ANK,184.200000,-134.300000,0.000000,top
D34,BZX84C3V6LT1G,D_SOT-23_ANK,189.800000,-134.300000,0.000000,top
D35,BZX84C3V6LT1G,D_SOT-23_ANK,179.400000,-128.600000,90.000000,top
D36,BZX84C3V6LT1G,D_SOT-23_ANK,179.100000,-83.750000,90.000000,top
D37,BZX84C3V6LT1G,D_SOT-23_ANK,179.400000,-123.000000,90.000000,top
D38,BZX84C3V6LT1G,D_SOT-23_ANK,179.100000,-89.400000,90.000000,top
D39,BZX84C3V6LT1G,D_SOT-23_ANK,179.200000,-100.600000,90.000000,top
F1,Max 120mA,Fuse_0603_1608Metric,153.400000,-138.200000,270.000000,top
F2,Max 120mA,Fuse_0603_1608Metric,159.000000,-138.200000,270.000000,top
F3,Max 120mA,Fuse_0603_1608Metric,164.600000,-138.200000,270.000000,top
F4,Max 120mA,Fuse_0603_1608Metric,170.200000,-138.200000,270.000000,top
F5,Max 120mA,Fuse_0603_1608Metric,183.300000,-78.100000,0.000000,top
F6,Max 120mA,Fuse_0603_1608Metric,183.300000,-111.800000,0.000000,top
F7,Max 120mA,Fuse_0603_1608Metric,131.000000,-138.200000,270.000000,top
F8,Max 120mA,Fuse_0603_1608Metric,136.600000,-138.200000,270.000000,top
F9,Max 120mA,Fuse_0603_1608Metric,183.300000,-117.400000,0.000000,top
F10,Max 120mA,Fuse_0603_1608Metric,183.300000,-106.200000,0.000000,top
F11,Max 120mA,Fuse_0603_1608Metric,147.800000,-138.200000,270.000000,top
F12,Max 120mA,Fuse_0603_1608Metric,142.200000,-138.200000,270.000000,top
F13,Max 2.2A,Fuse_1210_3225Metric,109.600000,-81.100000,0.000000,top
F14,Max 2.2A,Fuse_1210_3225Metric,109.600000,-101.550000,0.000000,top
F15,Max 2.2A,Fuse_1210_3225Metric,109.600000,-108.400000,0.000000,top
F16,Max 2.2A,Fuse_1210_3225Metric,109.600000,-122.050000,0.000000,top
F17,Max 2.2A,Fuse_1210_3225Metric,109.600000,-87.950000,0.000000,top
F18,Max 2.2A,Fuse_1210_3225Metric,109.600000,-94.750000,0.000000,top
F19,Max 2.2A,Fuse_1210_3225Metric,109.600000,-115.250000,0.000000,top
F20,Max 2.2A,Fuse_1210_3225Metric,109.600000,-128.900000,0.000000,top
F21,Max 120mA,Fuse_0603_1608Metric,183.300000,-95.000000,0.000000,top
F22,Max 120mA,Fuse_0603_1608Metric,175.800000,-138.200000,270.000000,top
F23,Max 120mA,Fuse_0603_1608Metric,181.400000,-138.200000,270.000000,top
F24,Max 120mA,Fuse_0603_1608Metric,187.000000,-138.200000,270.000000,top
F25,Max 120mA,Fuse_0603_1608Metric,192.600000,-138.200000,270.000000,top
F26,Max 120mA,Fuse_0603_1608Metric,183.300000,-128.600000,0.000000,top
F27,Max 120mA,Fuse_0603_1608Metric,183.300000,-83.750000,0.000000,top
F28,Max 120mA,Fuse_0603_1608Metric,183.300000,-123.000000,0.000000,top
F29,Max 120mA,Fuse_0603_1608Metric,183.300000,-89.400000,0.000000,top
F30,Max 120mA,Fuse_0603_1608Metric,183.288000,-100.600000,0.000000,top
L0,LED,LED_0603_1608Metric,156.350000,-71.700000,270.000000,top
L1,LED,LED_0603_1608Metric,153.500000,-71.700000,270.000000,top
L2,LED,LED_0603_1608Metric,151.050000,-71.700000,270.000000,top
L3,LED,LED_0603_1608Metric,148.650000,-71.700000,270.000000,top
L4,LED,LED_0603_1608Metric,146.050000,-71.700000,270.000000,top
Q7,MMBT5551,SOT-23,111.200000,-138.400000,0.000000,top
Q8,MMBT5551,SOT-23,99.100000,-147.600000,0.000000,top
Q9,MMBT5551,SOT-23,116.950000,-134.300000,0.000000,top
Q12,PSMN025-80YL,LFPAK56,116.800000,-81.100000,180.000000,top
Q13,MMBT5401,SOT-23,106.600000,-147.600000,0.000000,top
Q14,PSMN025-80YL,LFPAK56,116.800000,-101.550000,180.000000,top
Q15,PSMN025-80YL,LFPAK56,116.800000,-108.400000,180.000000,top
Q16,MMBT5401,SOT-23,102.850000,-147.600000,0.000000,top
Q17,MMBT5401,SOT-23,114.950000,-138.400000,0.000000,top
Q18,MMBT5401,SOT-23,120.700000,-134.300000,0.000000,top
Q19,MMBT5401,SOT-23,118.700000,-138.400000,0.000000,top
Q20,MMBT5401,SOT-23,124.450000,-134.300000,0.000000,top
Q21,PSMN025-80YL,LFPAK56,116.800000,-122.050000,180.000000,top
Q30,PSMN025-80YL,LFPAK56,116.800000,-87.950000,180.000000,top
Q31,PSMN025-80YL,LFPAK56,116.800000,-94.750000,180.000000,top
Q32,PSMN025-80YL,LFPAK56,116.800000,-115.250000,180.000000,top
Q33,PSMN025-80YL,LFPAK56,116.800000,-128.900000,180.000000,top
R1,1.5k,R_0603_1608Metric,138.050000,-89.350000,0.000000,top
R2,10k,R_0603_1608Metric,108.150000,-60.850000,90.000000,top
R3,160,R_0603_1608Metric,150.600000,-138.200000,270.000000,top
R4,160,R_0603_1608Metric,156.200000,-138.200000,270.000000,top
R5,160,R_0603_1608Metric,161.800000,-138.200000,270.000000,top
R6,160,R_0603_1608Metric,167.400000,-138.200000,270.000000,top
R7,10k,R_0603_1608Metric,153.400000,-134.600000,90.000000,top
R8,10k,R_0603_1608Metric,159.000000,-134.600000,90.000000,top
R9,10k,R_0603_1608Metric,164.600000,-134.600000,90.000000,top
R10,10k,R_0603_1608Metric,170.200000,-134.600000,90.000000,top
R11,10k,R_0603_1608Metric,108.400000,-73.300000,180.000000,top
R12,10k,R_0603_1608Metric,108.400000,-76.100000,0.000000,top
R13,10k,R_0603_1608Metric,108.400000,-67.600000,180.000000,top
R14,160,R_0603_1608Metric,183.300000,-75.300000,0.000000,top
R15,160,R_0603_1608Metric,173.000000,-138.200000,270.000000,top
R16,160,R_0603_1608Metric,178.600000,-138.200000,270.000000,top
R17,160,R_0603_1608Metric,183.300000,-109.000000,0.000000,top
R18,160,R_0603_1608Metric,183.300000,-114.600000,0.000000,top
R19,160,R_0603_1608Metric,128.200000,-138.200000,270.000000,top
R20,160,R_0603_1608Metric,133.800000,-138.200000,270.000000,top
R21,160,R_0603_1608Metric,183.300000,-103.400000,0.000000,top
R22,10k,R_0603_1608Metric,179.400000,-75.300000,180.000000,top
R23,10k,R_0603_1608Metric,131.000000,-134.600000,90.000000,top
R24,10k,R_0603_1608Metric,136.600000,-134.600000,90.000000,top
R25,10k,R_0603_1608Metric,179.600000,-109.000000,180.000000,top
R26,10k,R_0603_1608Metric,179.700000,-114.600000,180.000000,top
R27,10k,R_0603_1608Metric,179.500000,-103.400000,180.000000,top
R28,160,R_0603_1608Metric,183.300000,-92.200000,0.000000,top
R29,160,R_0603_1608Metric,145.000000,-138.200000,270.000000,top
R30,160,R_0603_1608Metric,139.400000,-138.200000,270.000000,top
R31,10k,R_0603_1608Metric,147.800000,-134.600000,90.000000,top
R32,10k,R_0603_1608Metric,142.200000,-134.600000,90.000000,top
R33,160,R_0603_1608Metric,184.200000,-138.200000,270.000000,top
R34,160,R_0603_1608Metric,189.800000,-138.200000,270.000000,top
R35,160,R_0603_1608Metric,183.300000,-125.800000,0.000000,top
R36,10k,R_0603_1608Metric,147.250000,-64.200000,270.000000,top
R37,10k,R_0603_1608Metric,150.100000,-64.200000,270.000000,top
R38,10k,R_0603_1608Metric,144.400000,-64.200000,270.000000,top
R39,10k,R_0603_1608Metric,155.800000,-64.200000,270.000000,top
R40,10k,R_0603_1608Metric,138.850000,-64.200000,270.000000,top
R41,160,R_0603_1608Metric,98.900000,-144.500000,180.000000,top
R42,160,R_0603_1608Metric,105.850000,-144.500000,0.000000,top
R43,160,R_0603_1608Metric,113.200000,-134.000000,90.000000,top
R44,1.5k,R_0603_1608Metric,171.200000,-83.500000,90.000000,top
R45,10k,R_0603_1608Metric,108.150000,-57.150000,270.000000,top
R46,10k,R_0603_1608Metric,108.425000,-70.500000,180.000000,top
R47,10k,R_0603_1608Metric,175.800000,-134.600000,90.000000,top
R48,10k,R_0603_1608Metric,181.400000,-134.600000,90.000000,top
R49,10k,R_0603_1608Metric,152.950000,-64.200000,270.000000,top
R50,10k,R_0603_1608Metric,141.650000,-64.200000,270.000000,top
R51,10k,R_0603_1608Metric,108.150000,-53.375000,90.000000,top
R52,10k,R_0603_1608Metric,108.400000,-64.700000,180.000000,top
R53,120,R_0603_1608Metric,126.100000,-63.250000,0.000000,top
R54,220,R_0402_1005Metric,155.650000,-75.950000,90.000000,top
R55,0,R_0402_1005Metric,125.000000,-68.000000,90.000000,top
R56,0,R_0402_1005Metric,132.100000,-68.000000,270.000000,top
R57,10k,R_0603_1608Metric,187.000000,-134.600000,90.000000,top
R58,120,R_0603_1608Metric,130.975000,-63.250000,0.000000,top
R59,10k,R_0603_1608Metric,192.600000,-134.600000,90.000000,top
R60,160,R_0603_1608Metric,183.300000,-80.950000,0.000000,top
R61,160,R_0603_1608Metric,183.300000,-120.200000,0.000000,top
R62,10k,R_0603_1608Metric,179.400000,-92.200000,180.000000,top
R63,10k,R_0603_1608Metric,179.700000,-125.800000,180.000000,top
R64,10k,R_0603_1608Metric,179.300000,-80.950000,180.000000,top
R65,10k,R_0603_1608Metric,179.700000,-120.200000,180.000000,top
R66,160,R_0603_1608Metric,183.300000,-86.600000,0.000000,top
R67,160,R_0603_1608Metric,183.300000,-97.800000,0.000000,top
R68,10k,R_0603_1608Metric,179.400000,-86.600000,180.000000,top
R69,10k,R_0603_1608Metric,179.400000,-97.800000,180.000000,top
R70,160,R_0603_1608Metric,122.600000,-78.250000,270.000000,top
R71,160,R_0603_1608Metric,123.400000,-99.650000,180.000000,top
R72,160,R_0603_1608Metric,123.400000,-106.500000,180.000000,top
R73,160,R_0603_1608Metric,123.400000,-120.150000,180.000000,top
R74,160,R_0603_1608Metric,122.600000,-85.200000,270.000000,top
R75,160,R_0603_1608Metric,123.400000,-92.850000,180.000000,top
R76,160,R_0603_1608Metric,123.400000,-113.350000,180.000000,top
R77,160,R_0603_1608Metric,123.400000,-127.000000,180.000000,top
R78,220,R_0402_1005Metric,153.350000,-75.950000,90.000000,top
R79,220,R_0402_1005Metric,151.050000,-75.950000,90.000000,top
R80,220,R_0402_1005Metric,148.800000,-75.950000,90.000000,top
R81,220,R_0402_1005Metric,146.500000,-75.950000,90.000000,top
R82,120,R_0603_1608Metric,126.100000,-64.900000,0.000000,top
R83,120,R_0603_1608Metric,130.950000,-64.900000,0.000000,top
SW1,SW_Push,SW_SPST_FSMSM,134.650000,-96.100000,0.000000,top
U2,AP7365-33WG-7,SOT-23-5,189.050000,-72.950000,270.000000,top
U3,MC33079DT,SO-14_3.9x8.65mm_P1.27mm,102.450000,-138.800000,90.000000,top
U4,STM32F373VBTx,LQFP-100_14x14mm_P0.5mm,153.050000,-88.650000,0.000000,top
U6,TCAN332,SOIC-8_3.9x4.9mm_P1.27mm,128.550000,-72.900000,90.000000,top
Y1,HSE,Crystal_SMD_5032-2Pin_5.0x3.2mm_HandSoldering,134.100000,-89.350000,270.000000,top
Y2,32.768 kHz,Crystal_SMD_2012-2Pin_2.0x1.2mm_HandSoldering,137.200000,-83.100000,90.000000,top
